{"stats":{"minecraft:custom":{"minecraft:time_since_rest":246664,"minecraft:sprint_one_cm":2299,"minecraft:walk_one_cm":142232,"minecraft:fly_one_cm":1850806,"minecraft:crouch_one_cm":4885,"minecraft:play_time":246664,"minecraft:sneak_time":8333,"minecraft:walk_under_water_one_cm":6408,"minecraft:jump":281,"minecraft:leave_game":15,"minecraft:time_since_death":246664,"minecraft:walk_on_water_one_cm":3682,"minecraft:total_world_time":277322,"minecraft:climb_one_cm":435},"minecraft:used":{"minecraft:polished_deepslate_stairs":54,"minecraft:redstone_torch":4,"minecraft:moss_block":6,"minecraft:glass":151,"minecraft:end_rod":176,"minecraft:lever":23,"minecraft:water_bucket":15,"minecraft:flower_pot":2,"minecraft:sea_lantern":88,"minecraft:flowering_azalea":3,"minecraft:cyan_terracotta":306,"minecraft:lava_bucket":2,"minecraft:polished_deepslate":54,"minecraft:black_stained_glass_pane":157,"minecraft:quartz_slab":7,"minecraft:smooth_quartz_slab":94,"minecraft:grass_block":57,"minecraft:acacia_trapdoor":1,"minecraft:spruce_slab":127,"minecraft:polished_deepslate_wall":68,"minecraft:polished_andesite_stairs":26,"minecraft:polished_diorite_slab":5,"minecraft:spruce_planks":20,"minecraft:spruce_trapdoor":2,"minecraft:smooth_quartz":9,"minecraft:diorite_wall":48,"minecraft:quartz_stairs":50,"minecraft:spruce_fence_gate":9,"minecraft:oak_leaves":123,"minecraft:smooth_quartz_stairs":240,"minecraft:polished_deepslate_slab":190,"minecraft:glow_berries":26,"minecraft:soul_sand":3,"minecraft:dirt":24,"minecraft:anvil":2,"minecraft:emerald_block":35,"minecraft:iron_trapdoor":50,"minecraft:spruce_stairs":25,"minecraft:blast_furnace":2,"minecraft:polished_diorite_stairs":8,"minecraft:yellow_concrete":27,"minecraft:glass_pane":285,"minecraft:smooth_stone_slab":197,"minecraft:white_concrete":605,"minecraft:gray_concrete":608,"minecraft:kelp":4,"minecraft:axolotl_bucket":3,"minecraft:bone_meal":43,"minecraft:seagrass":6,"minecraft:smooth_stone":308,"minecraft:polished_diorite":27}},"DataVersion":2975}