{"stats":{"minecraft:used":{"minecraft:deepslate_brick_wall":4,"minecraft:peony":4,"minecraft:moss_carpet":39,"minecraft:water_bucket":56,"minecraft:rose_bush":3,"minecraft:end_rod":306,"minecraft:writable_book":6,"minecraft:iron_bars":4,"minecraft:polished_deepslate":339,"minecraft:orange_concrete":112,"minecraft:flint_and_steel":4,"minecraft:smooth_quartz_slab":316,"minecraft:armor_stand":5,"minecraft:spruce_slab":10,"minecraft:acacia_trapdoor":10,"minecraft:dispenser":6,"minecraft:gray_carpet":6,"minecraft:polished_diorite_slab":129,"minecraft:spruce_planks":370,"minecraft:chest":14,"minecraft:tinted_glass":3,"minecraft:redstone_block":33,"minecraft:bell":4,"minecraft:oak_leaves":345,"minecraft:smooth_quartz_stairs":827,"minecraft:orange_bed":3,"minecraft:glow_item_frame":2,"minecraft:end_stone_brick_wall":5,"minecraft:polished_deepslate_slab":94,"minecraft:glow_berries":27,"minecraft:brewing_stand":6,"minecraft:diamond_block":18,"minecraft:orange_carpet":9,"minecraft:soul_sand":1,"minecraft:sand":69,"minecraft:white_carpet":9,"minecraft:crafting_table":3,"minecraft:loom":1,"minecraft:red_bed":6,"minecraft:spruce_stairs":16,"minecraft:blast_furnace":4,"minecraft:black_banner":4,"minecraft:yellow_concrete":8,"minecraft:acacia_leaves":71,"minecraft:campfire":2,"minecraft:acacia_sapling":1,"minecraft:note_block":12,"minecraft:gray_concrete":333,"minecraft:painting":3,"minecraft:beehive":9,"minecraft:spruce_fence":23,"minecraft:smooth_red_sandstone_stairs":22,"minecraft:cake":7,"minecraft:smoker":2,"minecraft:red_sandstone_wall":12,"minecraft:stripped_spruce_log":33,"minecraft:polished_diorite":140,"minecraft:lightning_rod":14,"minecraft:andesite_wall":28,"minecraft:polished_deepslate_stairs":184,"minecraft:redstone_torch":3,"minecraft:glass":75,"minecraft:piston":28,"minecraft:lever":22,"minecraft:flower_pot":58,"minecraft:sea_lantern":200,"minecraft:bookshelf":59,"minecraft:black_stained_glass_pane":424,"minecraft:lantern":16,"minecraft:grass_block":184,"minecraft:polished_deepslate_wall":191,"minecraft:lectern":6,"minecraft:spruce_trapdoor":63,"minecraft:smooth_quartz":1901,"minecraft:iron_door":10,"minecraft:diorite_wall":12,"minecraft:lilac":2,"minecraft:barrel":14,"minecraft:acacia_fence_gate":4,"minecraft:smooth_red_sandstone_slab":74,"minecraft:cobblestone":111,"minecraft:potion":1,"minecraft:black_stained_glass":636,"minecraft:hay_block":5,"minecraft:iron_trapdoor":177,"minecraft:white_banner":3,"minecraft:grindstone":2,"minecraft:chain":4,"minecraft:polished_diorite_stairs":237,"minecraft:smooth_stone_slab":99,"minecraft:sea_pickle":36,"minecraft:polished_blackstone_button":1,"minecraft:gray_banner":2,"minecraft:stripped_oak_log":123,"minecraft:candle":14,"minecraft:dead_bubble_coral_fan":54,"minecraft:bone_meal":27,"minecraft:dead_brain_coral_fan":11,"minecraft:smooth_stone":260,"minecraft:large_fern":6},"minecraft:picked_up":{"minecraft:armor_stand":11},"minecraft:custom":{"minecraft:tune_noteblock":1,"minecraft:open_barrel":2,"minecraft:pot_flower":41,"minecraft:leave_game":8,"minecraft:time_since_death":303455,"minecraft:time_since_rest":303455,"minecraft:sprint_one_cm":6685,"minecraft:walk_one_cm":138011,"minecraft:fly_one_cm":2542151,"minecraft:crouch_one_cm":5761,"minecraft:play_time":303455,"minecraft:sneak_time":18012,"minecraft:walk_under_water_one_cm":1790,"minecraft:interact_with_lectern":1,"minecraft:jump":390,"minecraft:walk_on_water_one_cm":5763,"minecraft:total_world_time":554015,"minecraft:inspect_dispenser":7}},"DataVersion":2975}