{"stats":{"minecraft:custom":{"minecraft:interact_with_smithing_table":2,"minecraft:interact_with_crafting_table":2,"minecraft:open_barrel":22,"minecraft:pot_flower":19,"minecraft:leave_game":10,"minecraft:time_since_death":533670,"minecraft:climb_one_cm":469,"minecraft:time_since_rest":533700,"minecraft:sprint_one_cm":208262,"minecraft:walk_one_cm":584065,"minecraft:fly_one_cm":2432956,"minecraft:open_chest":1,"minecraft:crouch_one_cm":14971,"minecraft:play_time":542260,"minecraft:deaths":1,"minecraft:sneak_time":14440,"minecraft:walk_under_water_one_cm":54164,"minecraft:jump":605,"minecraft:interact_with_brewingstand":2,"minecraft:interact_with_blast_furnace":2,"minecraft:walk_on_water_one_cm":79235,"minecraft:total_world_time":739683,"minecraft:use_cauldron":3},"minecraft:picked_up":{"minecraft:leather":22,"minecraft:potion":1,"minecraft:item_frame":1,"minecraft:beef":42},"minecraft:used":{"minecraft:oak_fence":3,"minecraft:oak_trapdoor":53,"minecraft:dark_oak_stairs":23,"minecraft:damaged_anvil":1,"minecraft:end_rod":1,"minecraft:iron_bars":26,"minecraft:enchanting_table":1,"minecraft:spruce_door":35,"minecraft:polished_deepslate":158,"minecraft:wither_skeleton_skull":1,"minecraft:flint_and_steel":14,"minecraft:armor_stand":12,"minecraft:stone_shovel":2,"minecraft:spruce_slab":675,"minecraft:acacia_trapdoor":2,"minecraft:polished_andesite":7,"minecraft:ladder":37,"minecraft:cartography_table":3,"minecraft:spruce_planks":863,"minecraft:chest":47,"minecraft:ender_chest":3,"minecraft:redstone_block":3,"minecraft:spruce_sign":11,"minecraft:cauldron":2,"minecraft:stonecutter":3,"minecraft:wooden_shovel":23,"minecraft:bell":3,"minecraft:spruce_fence_gate":6,"minecraft:oak_leaves":6,"minecraft:oak_door":8,"minecraft:torch":33,"minecraft:glow_item_frame":7,"minecraft:polished_deepslate_slab":5,"minecraft:dark_oak_trapdoor":47,"minecraft:brewing_stand":3,"minecraft:anvil":13,"minecraft:rail":63,"minecraft:oak_slab":19,"minecraft:tnt":3,"minecraft:crafting_table":5,"minecraft:loom":5,"minecraft:blast_furnace":7,"minecraft:spruce_stairs":226,"minecraft:cobblestone_wall":29,"minecraft:deepslate_tile_slab":69,"minecraft:campfire":32,"minecraft:white_bed":4,"minecraft:sponge":28,"minecraft:dark_oak_fence_gate":6,"minecraft:stone_brick_wall":37,"minecraft:painting":13,"minecraft:spruce_fence":150,"minecraft:smoker":8,"minecraft:spruce_log":127,"minecraft:stripped_spruce_log":102,"minecraft:lightning_rod":4,"minecraft:polished_deepslate_stairs":19,"minecraft:deepslate_tile_wall":7,"minecraft:andesite_wall":2,"minecraft:spruce_boat":1,"minecraft:glass":4,"minecraft:stone_brick_slab":66,"minecraft:piston":12,"minecraft:lever":38,"minecraft:flower_pot":37,"minecraft:chipped_anvil":1,"minecraft:bookshelf":4,"minecraft:black_stained_glass_pane":16,"minecraft:spruce_wood":13,"minecraft:lantern":84,"minecraft:iron_block":5,"minecraft:oak_stairs":30,"minecraft:stone_button":7,"minecraft:polished_andesite_stairs":1,"minecraft:polished_deepslate_wall":69,"minecraft:wet_sponge":2,"minecraft:lectern":6,"minecraft:dark_oak_slab":38,"minecraft:spruce_trapdoor":260,"minecraft:iron_door":3,"minecraft:dark_oak_button":2,"minecraft:barrel":145,"minecraft:stone_brick_stairs":151,"minecraft:stone_bricks":1,"minecraft:item_frame":22,"minecraft:birch_trapdoor":4,"minecraft:bow":1,"minecraft:potion":3,"minecraft:dark_oak_boat":7,"minecraft:hay_block":1,"minecraft:smithing_table":3,"minecraft:deepslate_tile_stairs":4,"minecraft:furnace":9,"minecraft:grindstone":25,"minecraft:dark_oak_fence":109,"minecraft:jungle_door":2,"minecraft:chain":35,"minecraft:glass_pane":1,"minecraft:smooth_stone_slab":27,"minecraft:skeleton_skull":8,"minecraft:trapped_chest":2,"minecraft:sea_pickle":22,"minecraft:stripped_oak_log":4,"minecraft:candle":47,"minecraft:brown_candle":1,"minecraft:turtle_egg":6,"minecraft:smooth_stone":1,"minecraft:jukebox":8,"minecraft:brown_bed":3}},"DataVersion":2975}