{"stats":{"minecraft:picked_up":{"minecraft:sea_lantern":1},"minecraft:used":{"minecraft:polished_deepslate_stairs":101,"minecraft:glass":333,"minecraft:end_rod":86,"minecraft:lever":12,"minecraft:water_bucket":373,"minecraft:iron_bars":1,"minecraft:sea_lantern":90,"minecraft:cyan_terracotta":152,"minecraft:lava_bucket":1,"minecraft:polished_deepslate":84,"minecraft:orange_concrete":164,"minecraft:cut_red_sandstone_slab":5,"minecraft:smooth_quartz_slab":12,"minecraft:black_stained_glass_pane":90,"minecraft:iron_block":1,"minecraft:acacia_trapdoor":23,"minecraft:polished_deepslate_wall":133,"minecraft:polished_diorite_slab":47,"minecraft:smooth_quartz":260,"minecraft:waxed_copper_block":10,"minecraft:smooth_quartz_stairs":28,"minecraft:polished_deepslate_slab":25,"minecraft:oak_slab":3,"minecraft:iron_trapdoor":49,"minecraft:grindstone":3,"minecraft:glass_pane":10,"minecraft:polished_diorite_stairs":22,"minecraft:smooth_stone_slab":7,"minecraft:sponge":3,"minecraft:gray_concrete":38,"minecraft:acacia_button":8,"minecraft:white_concrete":39,"minecraft:smooth_red_sandstone_stairs":4,"minecraft:orange_stained_glass_pane":23,"minecraft:red_sandstone_wall":19,"minecraft:lightning_rod":2,"minecraft:polished_diorite":7},"minecraft:custom":{"minecraft:time_since_rest":164276,"minecraft:sprint_one_cm":23206,"minecraft:walk_one_cm":71402,"minecraft:drop":1,"minecraft:inspect_hopper":1,"minecraft:fly_one_cm":3387602,"minecraft:crouch_one_cm":1769,"minecraft:play_time":164276,"minecraft:sneak_time":11634,"minecraft:walk_under_water_one_cm":438080,"minecraft:jump":245,"minecraft:time_since_death":164276,"minecraft:leave_game":7,"minecraft:walk_on_water_one_cm":77814,"minecraft:total_world_time":190906},"minecraft:dropped":{"minecraft:sea_lantern":1}},"DataVersion":2975}