{"stats":{"minecraft:custom":{"minecraft:interact_with_anvil":4,"minecraft:inspect_hopper":5,"minecraft:open_barrel":1,"minecraft:fill_cauldron":4,"minecraft:pot_flower":2,"minecraft:interact_with_grindstone":2,"minecraft:leave_game":24,"minecraft:time_since_death":264258,"minecraft:climb_one_cm":4190,"minecraft:time_since_rest":264281,"minecraft:sprint_one_cm":81302,"minecraft:walk_one_cm":404833,"minecraft:swim_one_cm":2369,"minecraft:fly_one_cm":14640847,"minecraft:crouch_one_cm":15859,"minecraft:play_time":955929,"minecraft:deaths":1,"minecraft:sneak_time":53849,"minecraft:walk_under_water_one_cm":1536966,"minecraft:jump":1168,"minecraft:walk_on_water_one_cm":169449,"minecraft:total_world_time":1053011,"minecraft:inspect_dispenser":1},"minecraft:used":{"minecraft:oak_trapdoor":11,"minecraft:water_bucket":1170,"minecraft:end_rod":320,"minecraft:iron_bars":208,"minecraft:acacia_log":2,"minecraft:polished_deepslate":565,"minecraft:orange_concrete":374,"minecraft:cut_red_sandstone_slab":50,"minecraft:smooth_quartz_slab":784,"minecraft:powered_rail":11,"minecraft:red_concrete":3,"minecraft:acacia_trapdoor":135,"minecraft:dispenser":7,"minecraft:polished_andesite":14,"minecraft:ladder":24,"minecraft:polished_diorite_slab":248,"minecraft:chest":12,"minecraft:tinted_glass":21,"minecraft:stone":90,"minecraft:redstone_block":11,"minecraft:spruce_sign":2,"minecraft:cauldron":9,"minecraft:quartz_stairs":21,"minecraft:smooth_quartz_stairs":731,"minecraft:deepslate_bricks":2,"minecraft:waxed_copper_block":39,"minecraft:oak_leaves":144,"minecraft:cut_copper_stairs":1,"minecraft:torch":3,"minecraft:polished_deepslate_slab":556,"minecraft:diamond_block":2,"minecraft:dirt":3,"minecraft:sand":71,"minecraft:anvil":26,"minecraft:comparator":5,"minecraft:light_blue_concrete":1,"minecraft:hopper":33,"minecraft:smooth_red_sandstone":41,"minecraft:cobblestone_wall":2,"minecraft:yellow_concrete":10,"minecraft:sponge":93,"minecraft:acacia_sapling":4,"minecraft:acacia_button":15,"minecraft:gray_concrete":658,"minecraft:smooth_red_sandstone_stairs":110,"minecraft:spruce_log":1,"minecraft:red_sandstone_wall":125,"minecraft:obsidian":1,"minecraft:polished_diorite":77,"minecraft:lightning_rod":174,"minecraft:polished_deepslate_stairs":782,"minecraft:redstone_torch":10,"minecraft:glow_squid_spawn_egg":16,"minecraft:sticky_piston":2,"minecraft:glass":699,"minecraft:piston":9,"minecraft:warped_trapdoor":1,"minecraft:lever":61,"minecraft:flower_pot":3,"minecraft:flowering_azalea":3,"minecraft:sea_lantern":743,"minecraft:cyan_terracotta":673,"minecraft:lava_bucket":30,"minecraft:chipped_anvil":3,"minecraft:daylight_detector":4,"minecraft:acacia_sign":10,"minecraft:black_stained_glass_pane":675,"minecraft:quartz_slab":1,"minecraft:lantern":1,"minecraft:iron_block":18,"minecraft:grass_block":158,"minecraft:polished_deepslate_wall":451,"minecraft:spruce_trapdoor":1,"minecraft:smooth_quartz":2719,"minecraft:diorite_wall":65,"minecraft:barrel":3,"minecraft:chiseled_stone_bricks":5,"minecraft:birch_trapdoor":2,"minecraft:smooth_red_sandstone_slab":5,"minecraft:magma_block":59,"minecraft:waxed_cut_copper_slab":16,"minecraft:lime_concrete":3,"minecraft:potion":1,"minecraft:iron_trapdoor":377,"minecraft:grindstone":52,"minecraft:polished_diorite_stairs":214,"minecraft:drowned_spawn_egg":1,"minecraft:acacia_fence":10,"minecraft:chain":84,"minecraft:glass_pane":108,"minecraft:sea_pickle":49,"minecraft:smooth_stone_slab":347,"minecraft:chest_minecart":1,"minecraft:waxed_cut_copper_stairs":26,"minecraft:white_concrete":109,"minecraft:tropical_fish_bucket":10,"minecraft:kelp":19,"minecraft:observer":10,"minecraft:orange_stained_glass_pane":32,"minecraft:bone_meal":39,"minecraft:smooth_stone":195},"minecraft:picked_up":{"minecraft:bow":1,"minecraft:gold_nugget":1,"minecraft:glow_item_frame":2,"minecraft:totem_of_undying":1}},"DataVersion":2975}