{"stats":{"minecraft:custom":{"minecraft:time_since_rest":78258,"minecraft:sprint_one_cm":1179,"minecraft:walk_one_cm":12555,"minecraft:fly_one_cm":1144396,"minecraft:crouch_one_cm":2955,"minecraft:play_time":78258,"minecraft:interact_with_loom":5,"minecraft:sneak_time":5525,"minecraft:jump":74,"minecraft:leave_game":7,"minecraft:time_since_death":78258,"minecraft:total_world_time":79115},"minecraft:used":{"minecraft:polished_deepslate_stairs":41,"minecraft:lever":4,"minecraft:flower_pot":6,"minecraft:sea_lantern":29,"minecraft:end_rod":32,"minecraft:cyan_terracotta":184,"minecraft:lava_bucket":3,"minecraft:daylight_detector":3,"minecraft:polished_deepslate":106,"minecraft:orange_concrete":54,"minecraft:cut_red_sandstone_slab":20,"minecraft:smooth_quartz_slab":101,"minecraft:black_stained_glass_pane":19,"minecraft:grass_block":1,"minecraft:acacia_trapdoor":21,"minecraft:spruce_slab":34,"minecraft:stone_button":5,"minecraft:polished_deepslate_wall":68,"minecraft:chest":6,"minecraft:spruce_trapdoor":8,"minecraft:smooth_quartz":310,"minecraft:cauldron":3,"minecraft:diorite_wall":67,"minecraft:smooth_quartz_stairs":41,"minecraft:white_wool":543,"minecraft:polished_deepslate_slab":175,"minecraft:diamond_block":38,"minecraft:magma_block":18,"minecraft:black_stained_glass":95,"minecraft:white_carpet":8,"minecraft:orange_banner":51,"minecraft:iron_trapdoor":35,"minecraft:hopper":5,"minecraft:loom":1,"minecraft:grindstone":4,"minecraft:acacia_fence":14,"minecraft:chain":6,"minecraft:polished_diorite_stairs":22,"minecraft:smooth_stone_slab":59,"minecraft:smooth_red_sandstone_stairs":26,"minecraft:orange_stained_glass_pane":13,"minecraft:lightning_rod":8,"minecraft:polished_diorite":34}},"DataVersion":2975}