{"stats":{"minecraft:custom":{"minecraft:time_since_rest":22223,"minecraft:open_chest":9,"minecraft:crouch_one_cm":77,"minecraft:sprint_one_cm":124,"minecraft:play_time":22223,"minecraft:walk_one_cm":6079,"minecraft:sneak_time":1005,"minecraft:walk_under_water_one_cm":2639,"minecraft:drop":10,"minecraft:jump":15,"minecraft:inspect_hopper":15,"minecraft:leave_game":7,"minecraft:walk_on_water_one_cm":28457,"minecraft:time_since_death":22223,"minecraft:total_world_time":22792,"minecraft:fly_one_cm":295234},"minecraft:used":{"minecraft:redstone_torch":1,"minecraft:spruce_sign":5,"minecraft:smooth_stone":4,"minecraft:glow_ink_sac":4,"minecraft:polished_diorite":2},"minecraft:dropped":{"minecraft:cobblestone":480},"minecraft:picked_up":{"minecraft:repeater":20,"minecraft:lever":1,"minecraft:redstone_torch":3,"minecraft:redstone":11,"minecraft:cobblestone":1837}},"DataVersion":3955}