{"stats":{"minecraft:custom":{"minecraft:time_since_rest":284175,"minecraft:sprint_one_cm":2024,"minecraft:walk_one_cm":81676,"minecraft:fly_one_cm":2487714,"minecraft:crouch_one_cm":4571,"minecraft:play_time":284175,"minecraft:sneak_time":15272,"minecraft:walk_under_water_one_cm":10782,"minecraft:pot_flower":2,"minecraft:jump":286,"minecraft:interact_with_blast_furnace":1,"minecraft:leave_game":13,"minecraft:time_since_death":284175,"minecraft:walk_on_water_one_cm":3031,"minecraft:total_world_time":315420},"minecraft:used":{"minecraft:polished_deepslate_stairs":51,"minecraft:end_rod":284,"minecraft:glass":126,"minecraft:sea_lantern":166,"minecraft:moss_carpet":25,"minecraft:lever":25,"minecraft:water_bucket":35,"minecraft:flower_pot":17,"minecraft:lava_bucket":2,"minecraft:flowering_azalea":4,"minecraft:cyan_terracotta":480,"minecraft:iron_bars":119,"minecraft:polished_deepslate":220,"minecraft:orange_concrete":180,"minecraft:black_stained_glass_pane":427,"minecraft:quartz_slab":8,"minecraft:smooth_quartz_slab":382,"minecraft:grass_block":213,"minecraft:spruce_slab":80,"minecraft:polished_andesite":265,"minecraft:polished_deepslate_wall":369,"minecraft:polished_andesite_stairs":18,"minecraft:spruce_planks":58,"minecraft:smooth_quartz":2107,"minecraft:diorite_wall":152,"minecraft:acacia_fence_gate":16,"minecraft:oak_leaves":393,"minecraft:smooth_quartz_stairs":821,"minecraft:polished_deepslate_slab":635,"minecraft:smooth_red_sandstone_slab":117,"minecraft:diamond_block":292,"minecraft:soul_sand":3,"minecraft:black_stained_glass":86,"minecraft:iron_trapdoor":104,"minecraft:sponge":3,"minecraft:spruce_stairs":20,"minecraft:polished_diorite_stairs":2,"minecraft:blast_furnace":15,"minecraft:bucket":3,"minecraft:yellow_concrete":19,"minecraft:glass_pane":509,"minecraft:smooth_stone_slab":291,"minecraft:gray_concrete":1091,"minecraft:red_sandstone_wall":6,"minecraft:smooth_red_sandstone_stairs":8,"minecraft:orange_stained_glass_pane":20,"minecraft:smooth_stone":756,"minecraft:bone_meal":65,"minecraft:lightning_rod":4}},"DataVersion":2975}