{"stats":{"minecraft:custom":{"minecraft:time_since_rest":232685,"minecraft:sprint_one_cm":7569,"minecraft:walk_one_cm":122141,"minecraft:swim_one_cm":1659,"minecraft:fly_one_cm":1789993,"minecraft:crouch_one_cm":3920,"minecraft:play_time":232685,"minecraft:sneak_time":9921,"minecraft:walk_under_water_one_cm":88439,"minecraft:jump":221,"minecraft:interact_with_blast_furnace":3,"minecraft:leave_game":16,"minecraft:time_since_death":232685,"minecraft:walk_on_water_one_cm":19485,"minecraft:total_world_time":276593},"minecraft:used":{"minecraft:polished_deepslate_stairs":288,"minecraft:redstone_torch":2,"minecraft:glass":32,"minecraft:lever":2,"minecraft:water_bucket":84,"minecraft:end_rod":118,"minecraft:iron_bars":83,"minecraft:sea_lantern":59,"minecraft:cyan_terracotta":202,"minecraft:lava_bucket":55,"minecraft:polished_deepslate":238,"minecraft:smooth_quartz_slab":35,"minecraft:black_stained_glass_pane":64,"minecraft:grass_block":54,"minecraft:acacia_trapdoor":4,"minecraft:polished_deepslate_wall":124,"minecraft:polished_diorite_slab":7,"minecraft:stone":4,"minecraft:diorite_wall":81,"minecraft:smooth_quartz_stairs":252,"minecraft:oak_leaves":100,"minecraft:polished_deepslate_slab":160,"minecraft:diamond_block":20,"minecraft:sand":35,"minecraft:dirt":91,"minecraft:emerald_block":1,"minecraft:iron_trapdoor":18,"minecraft:blast_furnace":17,"minecraft:glass_pane":135,"minecraft:polished_diorite_stairs":151,"minecraft:smooth_stone_slab":132,"minecraft:gray_concrete":306,"minecraft:white_concrete":1290,"minecraft:light_blue_stained_glass":56,"minecraft:orange_stained_glass_pane":29,"minecraft:smooth_stone":152,"minecraft:red_sandstone_wall":59,"minecraft:lightning_rod":3,"minecraft:polished_diorite":28}},"DataVersion":2975}