{"stats":{"minecraft:used":{"minecraft:redstone_torch":1,"minecraft:andesite_wall":70,"minecraft:lever":2,"minecraft:end_rod":63,"minecraft:sea_lantern":143,"minecraft:cyan_terracotta":215,"minecraft:iron_bars":73,"minecraft:warped_trapdoor":9,"minecraft:polished_deepslate":664,"minecraft:acacia_trapdoor":4,"minecraft:black_stained_glass_pane":4,"minecraft:iron_block":67,"minecraft:grass_block":7,"minecraft:redstone":1,"minecraft:dispenser":2,"minecraft:polished_andesite":426,"minecraft:polished_andesite_stairs":201,"minecraft:polished_deepslate_wall":296,"minecraft:redstone_block":2,"minecraft:smooth_quartz":145,"minecraft:diorite_wall":36,"minecraft:polished_andesite_slab":3,"minecraft:smooth_quartz_stairs":77,"minecraft:birch_trapdoor":29,"minecraft:polished_deepslate_slab":80,"minecraft:diamond_block":98,"minecraft:anvil":9,"minecraft:black_stained_glass":24,"minecraft:light_blue_concrete":12,"minecraft:iron_trapdoor":197,"minecraft:hopper":1,"minecraft:grindstone":14,"minecraft:blast_furnace":94,"minecraft:yellow_concrete":119,"minecraft:chain":2,"minecraft:polished_diorite_stairs":73,"minecraft:smooth_stone_slab":396,"minecraft:gray_concrete":139,"minecraft:smooth_red_sandstone_stairs":9,"minecraft:smooth_stone":397,"minecraft:red_sandstone_wall":15,"minecraft:lightning_rod":3,"minecraft:polished_deepslate_stairs":339},"minecraft:dropped":{"minecraft:cyan_terracotta":1},"minecraft:custom":{"minecraft:time_since_rest":232159,"minecraft:sprint_one_cm":9085,"minecraft:walk_one_cm":49148,"minecraft:drop":1,"minecraft:fly_one_cm":2701468,"minecraft:crouch_one_cm":1315,"minecraft:play_time":232159,"minecraft:sneak_time":14254,"minecraft:jump":192,"minecraft:interact_with_blast_furnace":3,"minecraft:leave_game":4,"minecraft:time_since_death":232159,"minecraft:total_world_time":349257}},"DataVersion":2975}