{"stats":{"minecraft:custom":{"minecraft:time_since_rest":63314,"minecraft:crouch_one_cm":901,"minecraft:sprint_one_cm":1805,"minecraft:play_time":63314,"minecraft:walk_one_cm":43577,"minecraft:sneak_time":3193,"minecraft:jump":81,"minecraft:leave_game":9,"minecraft:time_since_death":63314,"minecraft:total_world_time":114175,"minecraft:fly_one_cm":472328},"minecraft:used":{"minecraft:polished_deepslate_stairs":27,"minecraft:end_rod":31,"minecraft:smooth_quartz_stairs":91,"minecraft:oak_leaves":7,"minecraft:glass":16,"minecraft:sea_lantern":17,"minecraft:lava_bucket":9,"minecraft:flower_pot":3,"minecraft:polished_deepslate_slab":16,"minecraft:cyan_terracotta":94,"minecraft:iron_bars":22,"minecraft:dirt":1,"minecraft:lime_concrete":226,"minecraft:anvil":1,"minecraft:light_blue_concrete":236,"minecraft:polished_deepslate":74,"minecraft:orange_concrete":34,"minecraft:emerald_block":34,"minecraft:iron_trapdoor":2,"minecraft:smooth_quartz_slab":22,"minecraft:grass_block":5,"minecraft:acacia_trapdoor":18,"minecraft:blast_furnace":1,"minecraft:polished_deepslate_wall":113,"minecraft:glass_pane":34,"minecraft:gray_concrete":25,"minecraft:acacia_button":4,"minecraft:polished_granite":4,"minecraft:smooth_quartz":567,"minecraft:smooth_red_sandstone_stairs":2,"minecraft:red_sandstone_wall":10,"minecraft:smooth_stone":53,"minecraft:diorite_wall":5,"minecraft:lightning_rod":22}},"DataVersion":2975}