{"stats":{"minecraft:custom":{"minecraft:time_since_rest":107469,"minecraft:sprint_one_cm":1809,"minecraft:walk_one_cm":68027,"minecraft:interact_with_anvil":3,"minecraft:fly_one_cm":578850,"minecraft:crouch_one_cm":2661,"minecraft:play_time":107469,"minecraft:sneak_time":5454,"minecraft:jump":190,"minecraft:interact_with_blast_furnace":1,"minecraft:leave_game":10,"minecraft:time_since_death":107469,"minecraft:total_world_time":297229},"minecraft:used":{"minecraft:polished_deepslate_stairs":201,"minecraft:blue_stained_glass_pane":1,"minecraft:end_rod":66,"minecraft:lever":4,"minecraft:flower_pot":12,"minecraft:sea_lantern":33,"minecraft:lava_bucket":16,"minecraft:cyan_terracotta":48,"minecraft:iron_bars":140,"minecraft:iron_ore":7,"minecraft:polished_deepslate":379,"minecraft:orange_concrete":146,"minecraft:black_stained_glass_pane":76,"minecraft:smooth_quartz_slab":78,"minecraft:grass_block":9,"minecraft:acacia_trapdoor":8,"minecraft:polished_deepslate_wall":94,"minecraft:polished_diorite_slab":12,"minecraft:stone":31,"minecraft:smooth_quartz":654,"minecraft:cut_red_sandstone":2,"minecraft:diorite_wall":112,"minecraft:gold_ore":5,"minecraft:oak_leaves":14,"minecraft:smooth_quartz_stairs":140,"minecraft:polished_deepslate_slab":57,"minecraft:smooth_red_sandstone_slab":9,"minecraft:diamond_block":1,"minecraft:dirt":14,"minecraft:anvil":34,"minecraft:black_stained_glass":20,"minecraft:light_blue_concrete":58,"minecraft:hay_block":1,"minecraft:iron_trapdoor":43,"minecraft:grindstone":8,"minecraft:campfire":2,"minecraft:andesite":7,"minecraft:blast_furnace":2,"minecraft:polished_diorite_stairs":67,"minecraft:yellow_concrete":32,"minecraft:glass_pane":5,"minecraft:smooth_stone_slab":2,"minecraft:acacia_button":12,"minecraft:gray_concrete":363,"minecraft:smooth_red_sandstone_stairs":31,"minecraft:orange_stained_glass_pane":6,"minecraft:red_sandstone_wall":26,"minecraft:smooth_stone":144,"minecraft:lightning_rod":22,"minecraft:polished_diorite":26}},"DataVersion":2975}