{"stats":{"minecraft:used":{"minecraft:redstone_torch":19,"minecraft:red_sandstone_stairs":8,"minecraft:sticky_piston":6,"minecraft:glass":82,"minecraft:end_rod":111,"minecraft:lever":12,"minecraft:flower_pot":16,"minecraft:sea_lantern":56,"minecraft:lava_bucket":37,"minecraft:cyan_terracotta":33,"minecraft:iron_bars":318,"minecraft:polished_deepslate":755,"minecraft:orange_concrete":233,"minecraft:black_stained_glass_pane":73,"minecraft:smooth_quartz_slab":163,"minecraft:grass_block":57,"minecraft:acacia_trapdoor":12,"minecraft:redstone":58,"minecraft:stone_button":18,"minecraft:polished_deepslate_wall":290,"minecraft:polished_diorite_slab":25,"minecraft:spruce_planks":399,"minecraft:redstone_block":6,"minecraft:smooth_quartz":1729,"minecraft:diorite_wall":49,"minecraft:quartz_stairs":6,"minecraft:oak_leaves":71,"minecraft:smooth_quartz_stairs":338,"minecraft:orange_stained_glass":20,"minecraft:repeater":2,"minecraft:anvil":2,"minecraft:polished_deepslate_slab":147,"minecraft:diamond_block":7,"minecraft:dirt":2,"minecraft:redstone_lamp":6,"minecraft:rail":7,"minecraft:lime_concrete":49,"minecraft:comparator":3,"minecraft:black_stained_glass":13,"minecraft:light_blue_concrete":187,"minecraft:iron_trapdoor":77,"minecraft:hopper":3,"minecraft:grindstone":25,"minecraft:gold_block":2,"minecraft:blast_furnace":12,"minecraft:polished_diorite_stairs":36,"minecraft:yellow_concrete":7,"minecraft:glass_pane":95,"minecraft:gray_concrete":197,"minecraft:observer":18,"minecraft:orange_stained_glass_pane":12,"minecraft:red_sandstone_wall":150,"minecraft:smooth_stone":211,"minecraft:lightning_rod":31,"minecraft:polished_diorite":116,"minecraft:polished_deepslate_stairs":292},"minecraft:dropped":{"minecraft:wooden_axe":1},"minecraft:picked_up":{"minecraft:wooden_axe":1},"minecraft:custom":{"minecraft:time_since_rest":275115,"minecraft:sprint_one_cm":7639,"minecraft:walk_one_cm":135736,"minecraft:drop":1,"minecraft:inspect_hopper":4,"minecraft:fly_one_cm":3074612,"minecraft:crouch_one_cm":2743,"minecraft:play_time":275115,"minecraft:sneak_time":11844,"minecraft:jump":322,"minecraft:interact_with_blast_furnace":2,"minecraft:leave_game":15,"minecraft:time_since_death":275115,"minecraft:total_world_time":523898}},"DataVersion":2975}