{
    "parent": "minecraft:ait/enter_tardis",
    "criteria": {
        "break_growth": {
            "conditions": {},
            "trigger": "ait:break_vegetation"
        }
    },
    "display": {
        "announce_to_chat": false,
        "description": {
            "text": "悉心呵护你的塔迪斯,剪断披在它身上的植被"
        },
        "frame": "task",
        "hidden": true,
        "icon": {
            "item": "minecraft:oak_leaves"
        },
        "show_toast": true,
        "title": {
            "text": "时间园丁"
        }
    },
    "requirements": [
        [
            "break_growth"
        ]
    ],
    "sends_telemetry_event": true
}