{
    "parent": "minecraft:ait/netherite_key",
    "criteria": {
        "classic_key": {
            "conditions": {
                "items": [
                    {
                        "items": [
                            "ait:classic_key"
                        ]
                    }
                ]
            },
            "trigger": "minecraft:inventory_changed"
        }
    },
    "display": {
        "announce_to_chat": true,
        "description": {
            "text": "获得经典钥匙"
        },
        "frame": "task",
        "hidden": true,
        "icon": {
            "item": "ait:classic_key"
        },
        "show_toast": true,
        "title": {
            "text": "时间旅行者的学徒"
        }
    },
    "requirements": [
        [
            "classic_key"
        ]
    ],
    "sends_telemetry_event": true
}