{
    "parent": "minecraft:ait/enter_tardis",
    "criteria": {
        "first_demat": {
            "conditions": {},
            "trigger": "ait:tardis_takeoff"
        }
    },
    "display": {
        "announce_to_chat": true,
        "description": {
            "text": "第一次驾驶塔迪斯,体验与它一起穿越时空的首次旅程"
        },
        "frame": "challenge",
        "hidden": true,
        "icon": {
            "item": "minecraft:ender_eye"
        },
        "show_toast": true,
        "title": {
            "text": "首航"
        }
    },
    "requirements": [
        [
            "first_demat"
        ]
    ],
    "sends_telemetry_event": true
}