{
    "parent": "minecraft:ait/enter_tardis",
    "criteria": {
        "iron_key": {
            "conditions": {
                "items": [
                    {
                        "items": [
                            "ait:iron_key"
                        ]
                    }
                ]
            },
            "trigger": "minecraft:inventory_changed"
        }
    },
    "display": {
        "announce_to_chat": false,
        "description": {
            "text": "获得铁钥匙"
        },
        "frame": "task",
        "hidden": true,
        "icon": {
            "item": "ait:iron_key"
        },
        "show_toast": true,
        "title": {
            "text": "不仅仅是一块金属"
        }
    },
    "requirements": [
        [
            "iron_key"
        ]
    ],
    "sends_telemetry_event": true
}