{
    "parent": "minecraft:ait/gold_key",
    "criteria": {
        "netherite_key": {
            "conditions": {
                "items": [
                    {
                        "items": [
                            "ait:netherite_key"
                        ]
                    }
                ]
            },
            "trigger": "minecraft:inventory_changed"
        }
    },
    "display": {
        "announce_to_chat": true,
        "description": {
            "text": "获得下界合金钥匙"
        },
        "frame": "task",
        "hidden": true,
        "icon": {
            "item": "ait:netherite_key"
        },
        "show_toast": true,
        "title": {
            "text": "锻造于炼狱之中"
        }
    },
    "requirements": [
        [
            "netherite_key"
        ]
    ],
    "sends_telemetry_event": true
}