{"stats":{"minecraft:used":{"minecraft:polished_deepslate_stairs":162,"minecraft:redstone_torch":4,"minecraft:red_sandstone_stairs":17,"minecraft:oak_trapdoor":8,"minecraft:sticky_piston":1,"minecraft:glass":173,"minecraft:end_rod":163,"minecraft:sea_lantern":33,"minecraft:lever":9,"minecraft:flower_pot":9,"minecraft:lava_bucket":80,"minecraft:flowering_azalea":1,"minecraft:cyan_terracotta":410,"minecraft:iron_bars":86,"minecraft:daylight_detector":4,"minecraft:polished_deepslate":235,"minecraft:orange_concrete":22,"minecraft:black_stained_glass_pane":16,"minecraft:smooth_quartz_slab":182,"minecraft:grass_block":217,"minecraft:acacia_trapdoor":6,"minecraft:redstone":3,"minecraft:polished_deepslate_wall":130,"minecraft:polished_diorite_slab":35,"minecraft:stone":121,"minecraft:redstone_block":1,"minecraft:smooth_quartz":1760,"minecraft:beacon":5,"minecraft:diorite_wall":83,"minecraft:smooth_quartz_stairs":573,"minecraft:magenta_banner":2,"minecraft:oak_leaves":60,"minecraft:orange_stained_glass":22,"minecraft:glow_item_frame":7,"minecraft:repeater":6,"minecraft:diamond_block":22,"minecraft:polished_deepslate_slab":130,"minecraft:smooth_red_sandstone_slab":4,"minecraft:dirt":77,"minecraft:redstone_lamp":6,"minecraft:comparator":5,"minecraft:orange_banner":12,"minecraft:iron_trapdoor":41,"minecraft:loom":1,"minecraft:white_banner":15,"minecraft:white_stained_glass_pane":19,"minecraft:yellow_concrete":49,"minecraft:glass_pane":132,"minecraft:chain":5,"minecraft:polished_diorite_stairs":29,"minecraft:smooth_stone_slab":25,"minecraft:chiseled_quartz_block":2,"minecraft:acacia_button":1,"minecraft:gray_concrete":399,"minecraft:light_blue_stained_glass":5,"minecraft:smooth_red_sandstone_stairs":27,"minecraft:observer":42,"minecraft:orange_stained_glass_pane":76,"minecraft:red_sandstone_wall":112,"minecraft:smooth_stone":141,"minecraft:lightning_rod":6,"minecraft:polished_diorite":436},"minecraft:dropped":{"minecraft:orange_banner":2,"minecraft:glow_item_frame":1},"minecraft:custom":{"minecraft:time_since_rest":265231,"minecraft:sprint_one_cm":12799,"minecraft:walk_one_cm":231282,"minecraft:drop":3,"minecraft:fly_one_cm":1899317,"minecraft:crouch_one_cm":3600,"minecraft:play_time":265231,"minecraft:interact_with_loom":1,"minecraft:sneak_time":11143,"minecraft:pot_flower":7,"minecraft:jump":387,"minecraft:leave_game":24,"minecraft:time_since_death":265231,"minecraft:total_world_time":333438},"minecraft:picked_up":{"minecraft:glow_item_frame":1,"minecraft:orange_banner":1}},"DataVersion":2975}