{"stats":{"minecraft:custom":{"minecraft:time_since_rest":82559,"minecraft:crouch_one_cm":2774,"minecraft:sprint_one_cm":1349,"minecraft:play_time":82559,"minecraft:walk_one_cm":56503,"minecraft:sneak_time":4062,"minecraft:jump":133,"minecraft:leave_game":11,"minecraft:time_since_death":82559,"minecraft:total_world_time":318003,"minecraft:fly_one_cm":652923},"minecraft:used":{"minecraft:polished_deepslate_stairs":136,"minecraft:smooth_quartz_stairs":145,"minecraft:glass":9,"minecraft:end_rod":19,"minecraft:lever":20,"minecraft:sea_lantern":36,"minecraft:polished_deepslate_slab":137,"minecraft:diamond_block":42,"minecraft:iron_bars":24,"minecraft:anvil":6,"minecraft:black_stained_glass":221,"minecraft:polished_deepslate":49,"minecraft:orange_concrete":69,"minecraft:iron_trapdoor":123,"minecraft:black_stained_glass_pane":38,"minecraft:smooth_quartz_slab":11,"minecraft:grindstone":6,"minecraft:grass_block":1,"minecraft:acacia_trapdoor":12,"minecraft:ladder":5,"minecraft:polished_deepslate_wall":136,"minecraft:stone_button":18,"minecraft:polished_diorite_slab":30,"minecraft:polished_diorite_stairs":95,"minecraft:smooth_stone_slab":28,"minecraft:gray_concrete":191,"minecraft:polished_granite":2,"minecraft:smooth_quartz":412,"minecraft:smooth_red_sandstone_stairs":9,"minecraft:diorite_wall":76,"minecraft:polished_diorite":93,"minecraft:lightning_rod":39}},"DataVersion":2975}