{"stats":{"minecraft:custom":{"minecraft:jump":7,"minecraft:open_chest":3,"minecraft:time_since_rest":108297,"minecraft:inspect_hopper":1,"minecraft:crouch_one_cm":26,"minecraft:leave_game":5,"minecraft:play_time":108297,"minecraft:sprint_one_cm":409,"minecraft:time_since_death":108297,"minecraft:walk_on_water_one_cm":1412,"minecraft:walk_one_cm":970,"minecraft:sneak_time":225,"minecraft:total_world_time":165382,"minecraft:walk_under_water_one_cm":555,"minecraft:fly_one_cm":83549},"minecraft:used":{"minecraft:ancient_debris":1,"minecraft:villager_spawn_egg":3}},"DataVersion":3955}