{"stats":{"minecraft:used":{"minecraft:small_dripleaf":4,"minecraft:end_rod":81,"minecraft:smooth_quartz_stairs":235,"minecraft:moss_block":60,"minecraft:oak_leaves":119,"minecraft:sea_lantern":48,"minecraft:water_bucket":49,"minecraft:polished_deepslate_slab":8,"minecraft:diamond_block":74,"minecraft:cyan_terracotta":58,"minecraft:sand":3,"minecraft:light_blue_concrete":65,"minecraft:black_stained_glass":79,"minecraft:polished_deepslate":440,"minecraft:orange_concrete":48,"minecraft:iron_trapdoor":31,"minecraft:black_stained_glass_pane":51,"minecraft:grass_block":94,"minecraft:polished_andesite":31,"minecraft:spruce_stairs":36,"minecraft:polished_andesite_stairs":14,"minecraft:yellow_concrete":32,"minecraft:polished_deepslate_wall":78,"minecraft:spruce_planks":286,"minecraft:polished_diorite_stairs":20,"minecraft:smooth_stone_slab":51,"minecraft:sea_pickle":13,"minecraft:gray_concrete":9,"minecraft:smooth_quartz":172,"minecraft:smooth_red_sandstone_stairs":4,"minecraft:smooth_stone":204,"minecraft:stripped_spruce_log":17,"minecraft:quartz_stairs":6,"minecraft:polished_deepslate_stairs":29},"minecraft:custom":{"minecraft:time_since_rest":114870,"minecraft:crouch_one_cm":2377,"minecraft:sprint_one_cm":4487,"minecraft:play_time":114870,"minecraft:sneak_time":4334,"minecraft:walk_one_cm":96639,"minecraft:jump":265,"minecraft:leave_game":10,"minecraft:walk_on_water_one_cm":3869,"minecraft:time_since_death":114870,"minecraft:total_world_time":168240,"minecraft:fly_one_cm":702627}},"DataVersion":2975}