{"stats":{"minecraft:custom":{"minecraft:inspect_hopper":1,"minecraft:interact_with_loom":4,"minecraft:interact_with_grindstone":2,"minecraft:leave_game":34,"minecraft:time_since_death":649677,"minecraft:time_since_rest":649677,"minecraft:sprint_one_cm":92159,"minecraft:walk_one_cm":400562,"minecraft:drop":34,"minecraft:fly_one_cm":6327464,"minecraft:open_chest":3,"minecraft:crouch_one_cm":14503,"minecraft:play_time":649677,"minecraft:sneak_time":24893,"minecraft:walk_under_water_one_cm":7924,"minecraft:jump":915,"minecraft:walk_on_water_one_cm":11528,"minecraft:total_world_time":832852},"minecraft:dropped":{"minecraft:wheat_seeds":192,"minecraft:wheat":192,"minecraft:carrot":256,"minecraft:pumpkin_seeds":64,"minecraft:potato":256,"minecraft:beetroot_seeds":256,"minecraft:melon_slice":13,"minecraft:glass":1,"minecraft:smooth_stone":1},"minecraft:picked_up":{"minecraft:glass":1,"minecraft:smooth_stone":1},"minecraft:used":{"minecraft:oak_trapdoor":1,"minecraft:water_bucket":18,"minecraft:end_rod":143,"minecraft:iron_bars":20,"minecraft:polished_deepslate":483,"minecraft:smooth_quartz_slab":245,"minecraft:redstone":14,"minecraft:spruce_slab":16,"minecraft:acacia_trapdoor":20,"minecraft:powered_rail":2,"minecraft:polished_diorite_slab":9,"minecraft:spruce_planks":44,"minecraft:chest":5,"minecraft:redstone_block":8,"minecraft:composter":3,"minecraft:farmland":2,"minecraft:oak_leaves":529,"minecraft:smooth_quartz_stairs":648,"minecraft:glow_item_frame":46,"minecraft:polished_deepslate_slab":145,"minecraft:diamond_block":24,"minecraft:dirt":6,"minecraft:light_blue_concrete":38,"minecraft:lime_stained_glass_pane":1,"minecraft:hopper":28,"minecraft:loom":1,"minecraft:blue_stained_glass":9,"minecraft:black_banner":1,"minecraft:yellow_concrete":6,"minecraft:gray_concrete":411,"minecraft:spruce_fence":12,"minecraft:pumpkin_seeds":30,"minecraft:lightning_rod":31,"minecraft:polished_diorite":122,"minecraft:polished_deepslate_stairs":168,"minecraft:redstone_torch":3,"minecraft:glass":559,"minecraft:sticky_piston":4,"minecraft:blue_stained_glass_pane":23,"minecraft:piston":23,"minecraft:wooden_hoe":67,"minecraft:flowering_azalea":30,"minecraft:sea_lantern":136,"minecraft:lava_bucket":38,"minecraft:villager_spawn_egg":6,"minecraft:black_stained_glass_pane":97,"minecraft:grass_block":448,"minecraft:polished_deepslate_wall":42,"minecraft:stone_button":1,"minecraft:light_blue_bed":2,"minecraft:spruce_trapdoor":4,"minecraft:smooth_quartz":657,"minecraft:hopper_minecart":2,"minecraft:diorite_wall":221,"minecraft:barrel":2,"minecraft:melon_seeds":19,"minecraft:orange_banner":6,"minecraft:tall_grass":23,"minecraft:iron_trapdoor":67,"minecraft:grindstone":8,"minecraft:polished_diorite_stairs":17,"minecraft:chain":1,"minecraft:glass_pane":218,"minecraft:smooth_stone_slab":325,"minecraft:white_concrete":13,"minecraft:observer":14,"minecraft:bone_meal":9,"minecraft:smooth_stone":426}},"DataVersion":2975}