{"stats":{"minecraft:custom":{"minecraft:time_since_rest":278376,"minecraft:sprint_one_cm":4928,"minecraft:walk_one_cm":34624,"minecraft:fly_one_cm":1033560,"minecraft:fill_cauldron":2,"minecraft:crouch_one_cm":870,"minecraft:play_time":278376,"minecraft:sneak_time":3584,"minecraft:jump":99,"minecraft:interact_with_grindstone":1,"minecraft:leave_game":15,"minecraft:time_since_death":278376,"minecraft:total_world_time":412512,"minecraft:climb_one_cm":1359},"minecraft:used":{"minecraft:polished_deepslate_stairs":137,"minecraft:red_sandstone_stairs":1,"minecraft:sticky_piston":5,"minecraft:glass":5,"minecraft:lever":5,"minecraft:flower_pot":11,"minecraft:end_rod":23,"minecraft:sea_lantern":5,"minecraft:iron_bars":7,"minecraft:lava_bucket":10,"minecraft:polished_deepslate":36,"minecraft:orange_concrete":6,"minecraft:smooth_quartz_slab":34,"minecraft:black_stained_glass_pane":1,"minecraft:acacia_trapdoor":10,"minecraft:redstone":4,"minecraft:stone_button":6,"minecraft:ladder":4,"minecraft:polished_deepslate_wall":69,"minecraft:polished_diorite_slab":3,"minecraft:redstone_block":4,"minecraft:smooth_quartz":281,"minecraft:cauldron":2,"minecraft:cut_red_sandstone":2,"minecraft:diorite_wall":3,"minecraft:smooth_quartz_stairs":76,"minecraft:oak_leaves":50,"minecraft:polished_deepslate_slab":68,"minecraft:diamond_block":1,"minecraft:repeater":6,"minecraft:anvil":4,"minecraft:magma_block":18,"minecraft:black_stained_glass":49,"minecraft:iron_trapdoor":40,"minecraft:grindstone":15,"minecraft:polished_diorite_stairs":42,"minecraft:smooth_stone_slab":3,"minecraft:gray_concrete":120,"minecraft:smooth_red_sandstone_stairs":15,"minecraft:red_sandstone_wall":7,"minecraft:lightning_rod":23}},"DataVersion":2975}