{"stats":{"minecraft:used":{"minecraft:glow_item_frame":10,"minecraft:smooth_stone_slab":1,"minecraft:glass":1,"minecraft:polished_deepslate":1,"minecraft:red_wool":1,"minecraft:diorite_wall":1},"minecraft:custom":{"minecraft:open_barrel":3,"minecraft:open_chest":10,"minecraft:time_since_rest":66891,"minecraft:damage_dealt":10,"minecraft:crouch_one_cm":92,"minecraft:leave_game":6,"minecraft:play_time":66891,"minecraft:sprint_one_cm":964,"minecraft:time_since_death":66891,"minecraft:walk_on_water_one_cm":4658,"minecraft:walk_one_cm":2825,"minecraft:sneak_time":3572,"minecraft:total_world_time":161053,"minecraft:walk_under_water_one_cm":1664,"minecraft:interact_with_crafting_table":1,"minecraft:fly_one_cm":406318,"minecraft:jump":14}},"DataVersion":3955}