{"stats":{"minecraft:custom":{"minecraft:time_since_rest":133760,"minecraft:sprint_one_cm":3719,"minecraft:walk_one_cm":78997,"minecraft:fly_one_cm":1187138,"minecraft:crouch_one_cm":2503,"minecraft:play_time":133760,"minecraft:sneak_time":8074,"minecraft:pot_flower":5,"minecraft:jump":228,"minecraft:interact_with_grindstone":1,"minecraft:leave_game":7,"minecraft:time_since_death":133760,"minecraft:total_world_time":145118,"minecraft:inspect_dispenser":1},"minecraft:used":{"minecraft:polished_deepslate_stairs":119,"minecraft:end_rod":75,"minecraft:lever":15,"minecraft:flower_pot":15,"minecraft:iron_bars":38,"minecraft:sea_lantern":85,"minecraft:cyan_terracotta":36,"minecraft:lava_bucket":14,"minecraft:polished_deepslate":189,"minecraft:orange_concrete":120,"minecraft:smooth_quartz_slab":8,"minecraft:black_stained_glass_pane":56,"minecraft:grass_block":8,"minecraft:acacia_trapdoor":32,"minecraft:dispenser":6,"minecraft:polished_deepslate_wall":81,"minecraft:polished_diorite_slab":10,"minecraft:smooth_quartz":609,"minecraft:diorite_wall":6,"minecraft:stonecutter":18,"minecraft:waxed_copper_block":2,"minecraft:smooth_quartz_stairs":240,"minecraft:oak_leaves":89,"minecraft:diamond_block":1,"minecraft:polished_deepslate_slab":91,"minecraft:smooth_red_sandstone_slab":28,"minecraft:black_stained_glass":257,"minecraft:waxed_cut_copper_slab":5,"minecraft:white_carpet":26,"minecraft:iron_trapdoor":137,"minecraft:hopper":2,"minecraft:grindstone":11,"minecraft:black_banner":17,"minecraft:yellow_concrete":48,"minecraft:polished_diorite_stairs":37,"minecraft:smooth_stone_slab":109,"minecraft:waxed_cut_copper_stairs":4,"minecraft:polished_blackstone_button":5,"minecraft:gray_concrete":497,"minecraft:smooth_red_sandstone_stairs":21,"minecraft:smooth_stone":227,"minecraft:red_sandstone_wall":22,"minecraft:polished_diorite":16,"minecraft:lightning_rod":8}},"DataVersion":2975}