{"stats":{"minecraft:used":{"minecraft:polished_deepslate_stairs":212,"minecraft:andesite_wall":24,"minecraft:glass":11,"minecraft:end_rod":27,"minecraft:sea_lantern":36,"minecraft:lever":2,"minecraft:flower_pot":7,"minecraft:honey_block":6,"minecraft:lava_bucket":10,"minecraft:cyan_terracotta":12,"minecraft:iron_bars":13,"minecraft:warped_trapdoor":6,"minecraft:daylight_detector":1,"minecraft:polished_deepslate":124,"minecraft:orange_concrete":22,"minecraft:wither_skeleton_skull":3,"minecraft:black_stained_glass_pane":13,"minecraft:smooth_quartz_slab":27,"minecraft:grass_block":3,"minecraft:acacia_trapdoor":13,"minecraft:polished_andesite":53,"minecraft:slime_block":12,"minecraft:polished_deepslate_wall":131,"minecraft:polished_andesite_stairs":76,"minecraft:polished_diorite_slab":7,"minecraft:copper_block":4,"minecraft:detector_rail":1,"minecraft:smooth_quartz":529,"minecraft:cauldron":4,"minecraft:diorite_wall":4,"minecraft:smooth_quartz_stairs":128,"minecraft:debug_stick":15,"minecraft:polished_deepslate_slab":61,"minecraft:diamond_block":3,"minecraft:anvil":18,"minecraft:magma_block":32,"minecraft:black_stained_glass":24,"minecraft:iron_trapdoor":55,"minecraft:hopper":6,"minecraft:grindstone":9,"minecraft:blast_furnace":15,"minecraft:yellow_concrete":7,"minecraft:polished_diorite_stairs":86,"minecraft:smooth_stone_slab":68,"minecraft:gray_concrete":29,"minecraft:smooth_red_sandstone_stairs":28,"minecraft:observer":9,"minecraft:orange_stained_glass_pane":4,"minecraft:smoker":11,"minecraft:smooth_stone":2,"minecraft:lightning_rod":21,"minecraft:polished_diorite":16,"minecraft:shroomlight":12},"minecraft:custom":{"minecraft:time_since_rest":78263,"minecraft:sprint_one_cm":709,"minecraft:walk_one_cm":7709,"minecraft:interact_with_anvil":2,"minecraft:fly_one_cm":514092,"minecraft:crouch_one_cm":1470,"minecraft:play_time":78263,"minecraft:sneak_time":6701,"minecraft:jump":44,"minecraft:interact_with_blast_furnace":1,"minecraft:leave_game":4,"minecraft:time_since_death":78263,"minecraft:total_world_time":158368,"minecraft:interact_with_smoker":1}},"DataVersion":2975}