{"stats":{"minecraft:custom":{"minecraft:inspect_hopper":2,"minecraft:interact_with_crafting_table":2,"minecraft:tune_noteblock":1,"minecraft:open_barrel":1,"minecraft:interact_with_loom":1,"minecraft:pot_flower":27,"minecraft:leave_game":17,"minecraft:time_since_death":375153,"minecraft:time_since_rest":375153,"minecraft:sprint_one_cm":5613,"minecraft:walk_one_cm":135479,"minecraft:fly_one_cm":3013954,"minecraft:crouch_one_cm":10908,"minecraft:play_time":375153,"minecraft:sneak_time":21233,"minecraft:walk_under_water_one_cm":13050,"minecraft:jump":416,"minecraft:interact_with_blast_furnace":4,"minecraft:walk_on_water_one_cm":3487,"minecraft:total_world_time":408552},"minecraft:crafted":{"minecraft:leather_leggings":2,"minecraft:leather_boots":1,"minecraft:leather_helmet":1,"minecraft:leather_chestplate":1},"minecraft:used":{"minecraft:moss_block":10,"minecraft:water_bucket":45,"minecraft:moss_carpet":32,"minecraft:jungle_leaves":5,"minecraft:end_rod":427,"minecraft:iron_bars":127,"minecraft:polished_deepslate":249,"minecraft:orange_concrete":229,"minecraft:acacia_trapdoor":16,"minecraft:smooth_quartz_slab":612,"minecraft:polished_andesite":265,"minecraft:armor_stand":2,"minecraft:powered_rail":2,"minecraft:spruce_slab":80,"minecraft:gray_carpet":71,"minecraft:oak_planks":10,"minecraft:polished_diorite_slab":62,"minecraft:chest":19,"minecraft:spruce_planks":58,"minecraft:oak_leaves":564,"minecraft:smooth_quartz_stairs":988,"minecraft:orange_stained_glass":1,"minecraft:polished_deepslate_slab":717,"minecraft:glow_berries":28,"minecraft:brewing_stand":4,"minecraft:diamond_block":292,"minecraft:orange_carpet":15,"minecraft:soul_sand":3,"minecraft:sand":5,"minecraft:anvil":8,"minecraft:white_carpet":45,"minecraft:hopper":8,"minecraft:crafting_table":5,"minecraft:loom":4,"minecraft:spruce_stairs":21,"minecraft:blast_furnace":31,"minecraft:yellow_concrete":31,"minecraft:sponge":3,"minecraft:note_block":4,"minecraft:acacia_button":12,"minecraft:gray_concrete":1180,"minecraft:axolotl_bucket":2,"minecraft:smooth_red_sandstone_stairs":8,"minecraft:red_sandstone_wall":28,"minecraft:lightning_rod":15,"minecraft:polished_diorite":7,"minecraft:polished_deepslate_stairs":135,"minecraft:blue_stained_glass_pane":21,"minecraft:glass":143,"minecraft:sea_lantern":223,"minecraft:lever":50,"minecraft:flower_pot":58,"minecraft:honey_block":2,"minecraft:flowering_azalea":4,"minecraft:cyan_terracotta":565,"minecraft:lava_bucket":2,"minecraft:bookshelf":11,"minecraft:daylight_detector":2,"minecraft:grass_block":217,"minecraft:heavy_weighted_pressure_plate":2,"minecraft:quartz_slab":8,"minecraft:black_stained_glass_pane":534,"minecraft:iron_block":14,"minecraft:light_weighted_pressure_plate":3,"minecraft:polished_deepslate_wall":402,"minecraft:polished_andesite_stairs":18,"minecraft:lectern":2,"minecraft:spruce_trapdoor":1,"minecraft:smooth_quartz":2247,"minecraft:diorite_wall":152,"minecraft:barrel":21,"minecraft:acacia_fence_gate":16,"minecraft:tripwire_hook":2,"minecraft:smooth_red_sandstone_slab":117,"minecraft:black_stained_glass":105,"minecraft:tall_grass":4,"minecraft:orange_banner":11,"minecraft:iron_trapdoor":262,"minecraft:grindstone":6,"minecraft:white_stained_glass_pane":24,"minecraft:polished_diorite_stairs":91,"minecraft:bucket":3,"minecraft:glass_pane":509,"minecraft:smooth_stone_slab":363,"minecraft:gray_banner":8,"minecraft:kelp":9,"minecraft:observer":3,"minecraft:orange_stained_glass_pane":53,"minecraft:bone_meal":89,"minecraft:smooth_stone":845}},"DataVersion":2975}