{"stats":{"minecraft:custom":{"minecraft:time_since_rest":42669,"minecraft:sprint_one_cm":1571,"minecraft:walk_one_cm":7173,"minecraft:interact_with_anvil":1,"minecraft:fly_one_cm":271723,"minecraft:crouch_one_cm":98,"minecraft:play_time":42669,"minecraft:interact_with_loom":2,"minecraft:sneak_time":2127,"minecraft:jump":35,"minecraft:interact_with_blast_furnace":2,"minecraft:leave_game":10,"minecraft:time_since_death":42669,"minecraft:total_world_time":54557},"minecraft:used":{"minecraft:polished_deepslate_stairs":54,"minecraft:lever":6,"minecraft:yellow_banner":11,"minecraft:flower_pot":6,"minecraft:sea_lantern":9,"minecraft:end_rod":4,"minecraft:activator_rail":5,"minecraft:iron_bars":21,"minecraft:polished_deepslate":48,"minecraft:orange_concrete":3,"minecraft:smooth_quartz_slab":30,"minecraft:grass_block":1,"minecraft:acacia_trapdoor":12,"minecraft:polished_andesite":55,"minecraft:polished_deepslate_wall":48,"minecraft:polished_andesite_stairs":37,"minecraft:detector_rail":5,"minecraft:smooth_quartz":263,"minecraft:quartz_stairs":1,"minecraft:diorite_wall":16,"minecraft:waxed_copper_block":6,"minecraft:smooth_quartz_stairs":153,"minecraft:polished_deepslate_slab":7,"minecraft:anvil":2,"minecraft:iron_trapdoor":29,"minecraft:loom":1,"minecraft:grindstone":6,"minecraft:blast_furnace":5,"minecraft:polished_diorite_stairs":20,"minecraft:smooth_stone_slab":32,"minecraft:waxed_cut_copper_stairs":6,"minecraft:acacia_button":6,"minecraft:gray_concrete":35,"minecraft:smooth_stone":2,"minecraft:red_sandstone_wall":42,"minecraft:lightning_rod":8,"minecraft:polished_diorite":26}},"DataVersion":2975}