{"stats":{"minecraft:custom":{"minecraft:time_since_rest":49444,"minecraft:sprint_one_cm":252,"minecraft:walk_one_cm":16635,"minecraft:interact_with_anvil":2,"minecraft:fly_one_cm":297044,"minecraft:fill_cauldron":6,"minecraft:crouch_one_cm":772,"minecraft:play_time":49444,"minecraft:interact_with_loom":2,"minecraft:sneak_time":2077,"minecraft:jump":62,"minecraft:leave_game":8,"minecraft:time_since_death":49444,"minecraft:total_world_time":50718},"minecraft:used":{"minecraft:polished_deepslate_stairs":92,"minecraft:blue_stained_glass_pane":3,"minecraft:lever":8,"minecraft:yellow_banner":7,"minecraft:end_rod":2,"minecraft:iron_bars":74,"minecraft:sea_lantern":11,"minecraft:cyan_terracotta":67,"minecraft:lava_bucket":6,"minecraft:polished_deepslate":74,"minecraft:orange_concrete":15,"minecraft:smooth_quartz_slab":4,"minecraft:grass_block":7,"minecraft:acacia_trapdoor":7,"minecraft:polished_andesite":56,"minecraft:polished_deepslate_wall":60,"minecraft:polished_diorite_slab":7,"minecraft:redstone_block":4,"minecraft:smooth_quartz":222,"minecraft:cauldron":13,"minecraft:iron_door":2,"minecraft:diorite_wall":12,"minecraft:smooth_quartz_stairs":45,"minecraft:glow_item_frame":1,"minecraft:diamond_block":2,"minecraft:polished_deepslate_slab":28,"minecraft:smooth_red_sandstone_slab":7,"minecraft:rail":25,"minecraft:anvil":10,"minecraft:loom":2,"minecraft:iron_trapdoor":47,"minecraft:hopper":2,"minecraft:acacia_pressure_plate":2,"minecraft:blue_stained_glass":3,"minecraft:grindstone":14,"minecraft:yellow_concrete":2,"minecraft:smooth_stone_slab":98,"minecraft:stone_pressure_plate":2,"minecraft:gray_concrete":195,"minecraft:smooth_stone":111,"minecraft:observer":15,"minecraft:orange_stained_glass_pane":4,"minecraft:smoker":3,"minecraft:red_sandstone_wall":20,"minecraft:lightning_rod":7}},"DataVersion":2975}