{"stats":{"minecraft:picked_up":{"minecraft:polished_deepslate_slab":1},"minecraft:dropped":{"minecraft:polished_deepslate_slab":1},"minecraft:used":{"minecraft:deepslate_brick_wall":1,"minecraft:redstone_torch":2,"minecraft:jungle_sapling":16,"minecraft:blue_stained_glass_pane":4,"minecraft:glass":119,"minecraft:end_rod":147,"minecraft:water_bucket":83,"minecraft:lever":2,"minecraft:flower_pot":4,"minecraft:lava_bucket":3,"minecraft:sea_lantern":109,"minecraft:cyan_terracotta":66,"minecraft:iron_bars":22,"minecraft:polished_deepslate":437,"minecraft:orange_concrete":232,"minecraft:smooth_quartz_slab":338,"minecraft:black_stained_glass_pane":434,"minecraft:grass_block":299,"minecraft:acacia_trapdoor":10,"minecraft:polished_andesite":49,"minecraft:polished_deepslate_wall":206,"minecraft:spruce_planks":161,"minecraft:smooth_quartz":1347,"minecraft:diorite_wall":113,"minecraft:spruce_fence_gate":13,"minecraft:smooth_quartz_stairs":382,"minecraft:oak_leaves":136,"minecraft:smooth_red_sandstone_slab":11,"minecraft:polished_deepslate_slab":210,"minecraft:diamond_block":23,"minecraft:soul_sand":6,"minecraft:light_blue_concrete":175,"minecraft:iron_trapdoor":38,"minecraft:yellow_concrete":74,"minecraft:glass_pane":42,"minecraft:polished_diorite_stairs":65,"minecraft:smooth_stone_slab":132,"minecraft:sponge":5,"minecraft:gray_concrete":398,"minecraft:white_concrete":120,"minecraft:smooth_red_sandstone_stairs":19,"minecraft:bone_meal":13,"minecraft:red_sandstone_wall":23,"minecraft:polished_diorite":132,"minecraft:lightning_rod":31,"minecraft:polished_deepslate_stairs":73},"minecraft:custom":{"minecraft:time_since_rest":450627,"minecraft:sprint_one_cm":25825,"minecraft:walk_one_cm":250012,"minecraft:drop":1,"minecraft:fly_one_cm":5754140,"minecraft:crouch_one_cm":4113,"minecraft:play_time":450627,"minecraft:sneak_time":18815,"minecraft:walk_under_water_one_cm":15736,"minecraft:jump":639,"minecraft:time_since_death":450627,"minecraft:leave_game":23,"minecraft:walk_on_water_one_cm":2220,"minecraft:total_world_time":632345,"minecraft:climb_one_cm":474}},"DataVersion":2975}