{"stats":{"minecraft:custom":{"minecraft:time_since_rest":59440,"minecraft:crouch_one_cm":1166,"minecraft:sprint_one_cm":5508,"minecraft:play_time":59440,"minecraft:walk_one_cm":27265,"minecraft:sneak_time":1675,"minecraft:jump":79,"minecraft:leave_game":16,"minecraft:time_since_death":59440,"minecraft:interact_with_beacon":3,"minecraft:total_world_time":65582,"minecraft:fly_one_cm":474079},"minecraft:used":{"minecraft:polished_deepslate_stairs":10,"minecraft:blue_stained_glass_pane":16,"minecraft:smooth_quartz_stairs":54,"minecraft:oak_leaves":24,"minecraft:orange_stained_glass":4,"minecraft:end_rod":2,"minecraft:polished_deepslate_slab":43,"minecraft:sea_lantern":44,"minecraft:lava_bucket":2,"minecraft:redstone_lamp":1,"minecraft:polished_deepslate":1,"minecraft:emerald_block":22,"minecraft:blue_stained_glass":95,"minecraft:black_stained_glass_pane":2,"minecraft:smooth_quartz_slab":95,"minecraft:grass_block":86,"minecraft:acacia_trapdoor":6,"minecraft:redstone":4,"minecraft:yellow_concrete":9,"minecraft:glass_pane":5,"minecraft:polished_diorite_stairs":6,"minecraft:smooth_stone_slab":15,"minecraft:gray_concrete":88,"minecraft:stone":3,"minecraft:redstone_block":2,"minecraft:smooth_quartz":59,"minecraft:blue_concrete":3,"minecraft:red_sandstone_wall":4,"minecraft:smooth_stone":43,"minecraft:beacon":2,"minecraft:diorite_wall":35,"minecraft:lightning_rod":4}},"DataVersion":2975}