{"stats":{"minecraft:used":{"minecraft:polished_deepslate_stairs":120,"minecraft:shroomlight":6,"minecraft:end_rod":13,"minecraft:lever":10,"minecraft:flower_pot":6,"minecraft:honey_block":4,"minecraft:sea_lantern":4,"minecraft:iron_bars":2,"minecraft:lava_bucket":9,"minecraft:warped_trapdoor":1,"minecraft:daylight_detector":2,"minecraft:polished_deepslate":99,"minecraft:smooth_quartz_slab":2,"minecraft:black_stained_glass_pane":26,"minecraft:acacia_trapdoor":4,"minecraft:polished_andesite_stairs":7,"minecraft:polished_deepslate_wall":40,"minecraft:polished_diorite_slab":12,"minecraft:smooth_quartz":224,"minecraft:cauldron":4,"minecraft:iron_door":2,"minecraft:diorite_wall":14,"minecraft:acacia_fence_gate":3,"minecraft:smooth_quartz_stairs":36,"minecraft:polished_deepslate_slab":39,"minecraft:diamond_block":2,"minecraft:magma_block":4,"minecraft:comparator":1,"minecraft:anvil":4,"minecraft:potion":1,"minecraft:black_stained_glass":14,"minecraft:iron_trapdoor":17,"minecraft:hopper":4,"minecraft:lime_stained_glass":3,"minecraft:grindstone":22,"minecraft:blast_furnace":6,"minecraft:polished_diorite_stairs":60,"minecraft:smooth_stone_slab":20,"minecraft:gray_concrete":12,"minecraft:orange_stained_glass_pane":4,"minecraft:smooth_red_sandstone_stairs":18,"minecraft:observer":10,"minecraft:smooth_stone":6,"minecraft:smoker":2,"minecraft:red_sandstone_wall":2,"minecraft:lightning_rod":12,"minecraft:polished_diorite":7},"minecraft:custom":{"minecraft:time_since_rest":53632,"minecraft:sprint_one_cm":67,"minecraft:walk_one_cm":4567,"minecraft:fly_one_cm":396491,"minecraft:crouch_one_cm":918,"minecraft:play_time":53632,"minecraft:sneak_time":2955,"minecraft:jump":26,"minecraft:interact_with_blast_furnace":1,"minecraft:leave_game":8,"minecraft:time_since_death":53632,"minecraft:total_world_time":110446,"minecraft:interact_with_smoker":1}},"DataVersion":2975}