{"stats":{"minecraft:used":{"minecraft:polished_deepslate_stairs":319,"minecraft:shroomlight":39,"minecraft:end_rod":59,"minecraft:sea_lantern":162,"minecraft:lever":28,"minecraft:flower_pot":11,"minecraft:honey_block":4,"minecraft:lava_bucket":7,"minecraft:cyan_terracotta":861,"minecraft:iron_bars":11,"minecraft:polished_deepslate":1294,"minecraft:orange_concrete":148,"minecraft:black_stained_glass_pane":199,"minecraft:smooth_quartz_slab":18,"minecraft:iron_block":9,"minecraft:grass_block":32,"minecraft:acacia_trapdoor":70,"minecraft:polished_andesite":1,"minecraft:stone_button":4,"minecraft:polished_deepslate_wall":285,"minecraft:polished_andesite_stairs":56,"minecraft:polished_diorite_slab":34,"minecraft:redstone_block":4,"minecraft:smooth_quartz":3316,"minecraft:cauldron":8,"minecraft:diorite_wall":24,"minecraft:polished_andesite_slab":17,"minecraft:oak_leaves":26,"minecraft:smooth_quartz_stairs":72,"minecraft:polished_deepslate_slab":66,"minecraft:smooth_red_sandstone_slab":1,"minecraft:diamond_block":48,"minecraft:dirt":8,"minecraft:redstone_lamp":6,"minecraft:black_stained_glass":184,"minecraft:iron_trapdoor":136,"minecraft:grindstone":24,"minecraft:blast_furnace":12,"minecraft:yellow_concrete":13,"minecraft:polished_diorite_stairs":49,"minecraft:smooth_stone_slab":13,"minecraft:stone_pressure_plate":1,"minecraft:acacia_button":2,"minecraft:gray_concrete":79,"minecraft:smooth_red_sandstone_stairs":12,"minecraft:observer":3,"minecraft:red_sandstone_wall":24,"minecraft:smoker":6,"minecraft:smooth_stone":635,"minecraft:lightning_rod":21,"minecraft:polished_diorite":129},"minecraft:custom":{"minecraft:time_since_rest":218874,"minecraft:sprint_one_cm":8552,"minecraft:walk_one_cm":51058,"minecraft:fly_one_cm":2642477,"minecraft:fill_cauldron":2,"minecraft:crouch_one_cm":6326,"minecraft:play_time":218874,"minecraft:sneak_time":15570,"minecraft:jump":235,"minecraft:interact_with_grindstone":3,"minecraft:leave_game":19,"minecraft:time_since_death":218874,"minecraft:total_world_time":245912}},"DataVersion":2975}